{"cameraMode":{"drawMode":0,"name":"Shaded","section":"Shading Mode"},"sceneLighting":false,"audioPlay":false,"sceneViewState":{"showFog":true,"showMaterialUpdate":false,"showSkybox":true,"showFlares":true,"showImageEffects":true,"showParticleSystems":true},"in2DMode":false,"pivot":{"x":3.7357943058013918,"y":1.7640501260757447,"z":3.109999895095825},"rotation":{"x":-0.13025104999542237,"y":0.8537013530731201,"z":-0.25597378611564639,"w":-0.4344032108783722},"size":12.63510513305664,"orthographic":true}