{"cameraMode":{"drawMode":0,"name":"Shaded","section":"Shading Mode"},"sceneLighting":false,"audioPlay":false,"sceneViewState":{"showFog":true,"showMaterialUpdate":false,"showSkybox":true,"showFlares":true,"showImageEffects":true,"showParticleSystems":true},"in2DMode":false,"pivot":{"x":479.468505859375,"y":227.6250762939453,"z":2.64255428314209},"rotation":{"x":0.19164018332958222,"y":0.7658887505531311,"z":-0.26517143845558169,"w":0.5535093545913696},"size":8.009056091308594,"orthographic":true}