{"cameraMode":{"drawMode":0,"name":"Shaded","section":"Shading Mode"},"sceneLighting":false,"audioPlay":false,"sceneViewState":{"showFog":true,"showMaterialUpdate":false,"showSkybox":true,"showFlares":true,"showImageEffects":true,"showParticleSystems":true},"in2DMode":false,"pivot":{"x":-14.388303756713868,"y":23.892406463623048,"z":4.435575485229492},"rotation":{"x":-0.2787735164165497,"y":0.3195500373840332,"z":-0.09895670413970947,"w":-0.90021151304245},"size":17.959367752075197,"orthographic":true}