{"cameraMode":{"drawMode":0,"name":"Shaded","section":"Shading Mode"},"sceneLighting":true,"audioPlay":false,"sceneViewState":{"showFog":true,"showMaterialUpdate":false,"showSkybox":true,"showFlares":true,"showImageEffects":true,"showParticleSystems":true},"in2DMode":false,"pivot":{"x":-40.477455139160159,"y":-6.322281837463379,"z":-21.072940826416017},"rotation":{"x":-0.13441811501979829,"y":0.8421534299850464,"z":-0.2456423044204712,"w":-0.4608354866504669},"size":94.4248275756836,"orthographic":true}