{"cameraMode":{"drawMode":0,"name":"Shaded","section":"Shading Mode"},"sceneLighting":false,"audioPlay":false,"sceneViewState":{"showFog":true,"showMaterialUpdate":false,"showSkybox":true,"showFlares":true,"showImageEffects":true,"showParticleSystems":true},"in2DMode":false,"pivot":{"x":481.01397705078127,"y":230.77301025390626,"z":1.044531226158142},"rotation":{"x":-0.17464140057563783,"y":0.7772669196128845,"z":-0.24582141637802125,"w":-0.5522032380104065},"size":12.946415901184082,"orthographic":true}