{"cameraMode":{"drawMode":0,"name":"Shaded","section":"Shading Mode"},"sceneLighting":false,"audioPlay":false,"sceneViewState":{"showFog":true,"showMaterialUpdate":false,"showSkybox":true,"showFlares":true,"showImageEffects":true,"showParticleSystems":true},"in2DMode":false,"pivot":{"x":1.1408803462982178,"y":1.9885499477386475,"z":4.591032028198242},"rotation":{"x":-0.13441811501979829,"y":0.8421534299850464,"z":-0.2456423044204712,"w":-0.4608354866504669},"size":16.54034423828125,"orthographic":true}