{"cameraMode":{"drawMode":0,"name":"Shaded","section":"Shading Mode"},"sceneLighting":false,"audioPlay":false,"sceneViewState":{"showFog":true,"showMaterialUpdate":false,"showSkybox":true,"showFlares":true,"showImageEffects":true,"showParticleSystems":true},"in2DMode":false,"pivot":{"x":8.5600004196167,"y":21.690000534057618,"z":13.200000762939454},"rotation":{"x":-0.32832419872283938,"y":0.30311378836631777,"z":-0.11212822794914246,"w":-0.8875542879104614},"size":23.33452606201172,"orthographic":true}