{"cameraMode":{"drawMode":0,"name":"Shaded","section":"Shading Mode"},"sceneLighting":true,"audioPlay":false,"sceneViewState":{"showFog":true,"showMaterialUpdate":false,"showSkybox":true,"showFlares":true,"showImageEffects":true,"showParticleSystems":true},"in2DMode":false,"pivot":{"x":29.279207229614259,"y":61.862571716308597,"z":-37.51320266723633},"rotation":{"x":-0.2787735164165497,"y":0.3195500373840332,"z":-0.09895670413970947,"w":-0.90021151304245},"size":42.970218658447269,"orthographic":true}