{"cameraMode":{"drawMode":0,"name":"Shaded","section":"Shading Mode"},"sceneLighting":false,"audioPlay":false,"sceneViewState":{"showFog":true,"showMaterialUpdate":false,"showSkybox":true,"showFlares":true,"showImageEffects":true,"showParticleSystems":true},"in2DMode":false,"pivot":{"x":-13.084083557128907,"y":23.573551177978517,"z":8.242125511169434},"rotation":{"x":-0.13025104999542237,"y":0.8537013530731201,"z":-0.25597378611564639,"w":-0.4344032108783722},"size":16.54034423828125,"orthographic":true}