{"cameraMode":{"drawMode":0,"name":"Shaded","section":"Shading Mode"},"sceneLighting":true,"audioPlay":false,"sceneViewState":{"showFog":true,"showMaterialUpdate":false,"showSkybox":true,"showFlares":true,"showImageEffects":true,"showParticleSystems":true},"in2DMode":false,"pivot":{"x":-47.506919860839847,"y":-5.052718162536621,"z":-24.411434173583986},"rotation":{"x":-0.13441811501979829,"y":0.8421534299850464,"z":-0.2456423044204712,"w":-0.4608354866504669},"size":43.33000183105469,"orthographic":true}