{"cameraMode":{"drawMode":0,"name":"Shaded","section":"Shading Mode"},"sceneLighting":false,"audioPlay":false,"sceneViewState":{"showFog":true,"showMaterialUpdate":false,"showSkybox":true,"showFlares":true,"showImageEffects":true,"showParticleSystems":true},"in2DMode":false,"pivot":{"x":0.6187654733657837,"y":28.149486541748048,"z":-0.6375811100006104},"rotation":{"x":0.19164018332958222,"y":0.7658887505531311,"z":-0.26517143845558169,"w":0.5535093545913696},"size":11.686400413513184,"orthographic":true}