{"cameraMode":{"drawMode":0,"name":"Shaded","section":"Shading Mode"},"sceneLighting":false,"audioPlay":false,"sceneViewState":{"showFog":true,"showMaterialUpdate":false,"showSkybox":true,"showFlares":true,"showImageEffects":true,"showParticleSystems":true},"in2DMode":false,"pivot":{"x":483.3385314941406,"y":230.66506958007813,"z":1.3525543212890626},"rotation":{"x":-0.13025104999542237,"y":0.8537013530731201,"z":-0.25597378611564639,"w":-0.4344032108783722},"size":8.009056091308594,"orthographic":true}